run,scored,task,method,outcome,activations,http_attempts,wall_ms,wire_body_bytes,uncompressed_bytes,extracted_tokens_o200k,links_presented,costs_complete,provider_tokens,provider_cost,external_tool_errors,partial_transfer_bytes
"op1-p01-chunk-word","true","P01","chunk-word","completed","8","8","100150","51677","288454","17080","1442","true","","","1","0"
"op1-p01-short-word","true","P01","short-word","failed","9","9","163863","47211","252575","7001","525","true","","","2","0"
"op1-p01-span","true","P01","span","failed","6","6","130846","33884","214089","5062","533","true","","","1","0"
"op1-p01-predictive-word","true","P01","predictive-word","failed","5","5","107444","28948","120599","3627","234","true","","","3","0"
"op1-p01-prefix-link","true","P01","prefix-link","completed","8","8","105532","54518","315092","9779","274","true","","","1","0"
"op1-p01-frame","true","P01","frame","failed","11","11","159885","75582","404172","7598","856","true","","","2","0"
"op1-p01-token-link","true","P01","token-link","failed","2","2","78749","7767","18270","1566","56","true","","","4","0"
"op1-p02-short-word","true","P02","short-word","completed","14","14","184783","115936","714156","20311","1523","true","","","","0"
"op1-p02-span","true","P02","span","infrastructure_interruption","1","1","216712","0","0","0","0","false","","","3","0"
"op1-p02-chunk-word","true","P02","chunk-word","completed","18","18","204450","170768","1153040","68434","6073","true","","","1","0"
"op1-p02-frame","true","P02","frame","completed","53","53","551920","449377","2638894","41160","5569","true","","","1","0"
"op1-p02-predictive-word","true","P02","predictive-word","completed","75","75","775529","542079","3109419","111158","8512","true","","","1","0"
"op1-p02-prefix-link","true","P02","prefix-link","completed","31","31","380163","236963","1458952","47991","2956","true","","","","0"
"op1-p02-token-link","true","P02","token-link","infrastructure_interruption","2","2","106208","7799","18295","1566","56","true","","","5","0"
