run,scored,task,method,outcome,activations,http_attempts,wall_ms,wire_body_bytes,extracted_tokens_o200k,costs_complete
calibration-chunk,False,calibration,chunk-word,failed,17,17,366744,154016,62276,True
calibration-chunk-v1,False,calibration,chunk-word,infrastructure_interrupted,13,13,1374041,179949,70941,True
calibration-chunk-v2,False,calibration,chunk-word,infrastructure_interrupted,1,1,321872,3781,768,True
calibration-chunk-v3,False,calibration,chunk-word,failed,23,23,474783,279865,107060,True
calibration-predictive,False,calibration,predictive-word,in_progress,0,0,,0,0,True
calibration-predictive-v1,False,calibration,predictive-word,infrastructure_interrupted,11,11,1374059,93655,10466,True
calibration-predictive-v2,False,calibration,predictive-word,infrastructure_interrupted,1,1,321842,3781,768,True
calibration-predictive-v3,False,calibration,predictive-word,completed,41,41,599930,296006,33901,True
calibration-prefix-v1,False,calibration,prefix-link,failed,2,2,96382,16969,3397,True
calibration-token-v2,False,calibration,token-link,infrastructure_interrupted,3,3,321901,15576,1503,True
calibration-token-v3,False,calibration,token-link,completed,35,35,901128,211807,82477,True
recovery-chunk-branch,False,recovery-branch,chunk-word,failed,3,3,1989,30175,11928,True
recovery-chunk-branch-v2,False,recovery-branch,chunk-word,completed,9,9,5048,66986,24044,True
recovery-chunk-branch-v4,False,recovery-branch,chunk-word,completed,9,9,4954,67135,23987,True
recovery-chunk-expired-v7,False,recovery-expired,chunk-word,completed,10,10,607160,60967,18731,True
recovery-chunk-lost-add,False,recovery-lost-addition-response,chunk-word,completed,8,8,201691,54190,13054,True
recovery-chunk-lost-add-v2,False,recovery-lost-add,chunk-word,completed,8,8,4261,54221,13037,True
recovery-chunk-lost-add-v4,False,recovery-lost-add,chunk-word,failed,2,2,964,7759,817,True
recovery-chunk-lost-publish,False,recovery-lost-publish,chunk-word,completed,8,8,4735,43749,13015,True
recovery-chunk-lost-publish-v2,False,recovery-lost-publish,chunk-word,completed,8,8,4099,43587,13041,True
recovery-chunk-lost-publish-v4,False,recovery-lost-publish,chunk-word,failed,2,2,1044,7759,817,True
recovery-predictive-branch,False,recovery-branch,predictive-word,failed,2,2,1238,13030,1733,True
recovery-predictive-branch-v2,False,recovery-branch,predictive-word,failed,2,2,975,12988,1725,True
recovery-predictive-branch-v4,False,recovery-branch,predictive-word,infrastructure_interruption,1,1,527778,7753,768,True
recovery-predictive-branch-v6,False,recovery-branch,predictive-word,failed,3,3,1418,22179,2788,True
recovery-predictive-branch-v8,False,recovery-branch,predictive-word,completed,9,9,4827,52290,5714,True
recovery-predictive-expired-v9,False,recovery-expired,predictive-word,completed,10,10,607144,49702,5004,True
recovery-predictive-lost-add,False,recovery-lost-add,predictive-word,failed,2,2,1179,12886,1727,True
recovery-predictive-lost-add-v2,False,recovery-lost-add,predictive-word,completed,8,8,4008,43187,3810,True
recovery-predictive-lost-add-v4,False,recovery-lost-add,predictive-word,failed,2,2,922,7753,817,True
recovery-predictive-lost-publish,False,recovery-lost-publish,predictive-word,failed,2,2,1212,13034,1733,True
recovery-predictive-lost-publish-v2,False,recovery-lost-publish,predictive-word,completed,8,8,4046,35850,3790,True
recovery-predictive-lost-publish-v4,False,recovery-lost-publish,predictive-word,failed,2,2,1031,7753,817,True
recovery-prefix-branch,False,recovery-branch,prefix-link,failed,2,2,1281,16947,3397,True
recovery-prefix-branch-v2,False,recovery-branch,prefix-link,failed,2,2,936,16965,3397,True
recovery-prefix-branch-v3,False,recovery-branch,prefix-link,failed,3,3,1516,29367,5861,True
recovery-prefix-branch-v6,False,recovery-branch,prefix-link,completed,9,9,4940,65508,11912,True
recovery-prefix-expired-v9,False,recovery-expired,prefix-link,completed,10,10,607252,59665,9626,True
recovery-prefix-lost-add,False,recovery-lost-add,prefix-link,failed,2,2,2111,17004,3397,True
recovery-prefix-lost-add-v2,False,recovery-lost-add,prefix-link,failed,2,2,1007,16952,3397,True
recovery-prefix-lost-add-v3,False,recovery-lost-add,prefix-link,completed,8,8,4036,53080,6990,True
recovery-prefix-lost-add-v4,False,recovery-lost-add,prefix-link,failed,2,2,1035,7779,820,True
recovery-prefix-lost-publish,False,recovery-lost-publish,prefix-link,failed,2,2,1492,16971,3397,True
recovery-prefix-lost-publish-v2,False,recovery-lost-publish,prefix-link,failed,2,2,955,17007,3397,True
recovery-prefix-lost-publish-v3,False,recovery-lost-publish,prefix-link,completed,8,8,4178,42881,6960,True
recovery-prefix-lost-publish-v4,False,recovery-lost-publish,prefix-link,failed,2,2,1027,7779,820,True
recovery-token-branch,False,recovery-branch,token-link,failed,9,9,7053,48007,16780,True
recovery-token-branch-v2,False,recovery-branch,token-link,completed,10,10,6258,50680,17521,True
recovery-token-expired-v5,False,recovery-expired,token-link,expected_no_publication,7,7,125289,34626,9579,True
recovery-token-expired-v9,False,recovery-expired,token-link,completed,12,12,129011,53273,14888,True
recovery-token-lost-add,False,recovery-lost-addition-response,token-link,failed,8,8,128361,39753,9580,True
recovery-token-lost-add-v2,False,recovery-lost-add,token-link,completed,9,9,5081,42472,10320,True
recovery-token-lost-add-v4,False,recovery-lost-add,token-link,completed,9,9,5570,42405,10333,True
recovery-token-lost-publish,False,recovery-lost-publish,token-link,failed,8,8,5391,33987,9586,True
recovery-token-lost-publish-v2,False,recovery-lost-publish,token-link,completed,9,9,5019,36726,10332,True
recovery-token-lost-publish-v4,False,recovery-lost-publish,token-link,completed,9,9,5655,36688,10326,True
t01-chunk,False,T01,chunk-word,completed,27,27,335188,290732,123080,True
t01-predictive,False,T01,predictive-word,failed,70,70,1128095,605271,67710,True
t01-prefix,False,T01,prefix-link,failed,2,2,83923,16963,3397,True
t01-token,False,T01,token-link,failed,52,52,673908,324533,127076,True
v2-t01-chunk,True,T01,chunk-word,completed,38,38,369538,440952,191347,True
v2-t01-predictive,True,T01,predictive-word,completed,69,69,502142,567668,62466,True
v2-t01-prefix,True,T01,prefix-link,failed,4,4,117428,41686,8331,True
v2-t01-token,True,T01,token-link,completed,31,31,326979,198842,78435,True
v2-t02-chunk,True,T02,chunk-word,completed,32,32,304887,431439,169819,True
v2-t02-predictive,True,T02,predictive-word,completed,47,47,432005,419418,44650,True
v2-t02-prefix,True,T02,prefix-link,failed,3,3,99528,18367,3288,True
v2-t02-token,True,T02,token-link,failed,42,42,455108,244018,92471,True
v2-t03-chunk,True,T03,chunk-word,completed,34,34,428056,389210,166413,True
v2-t03-predictive,True,T03,predictive-word,failed,101,101,990106,862466,94352,True
v2-t03-prefix,True,T03,prefix-link,failed,4,4,79760,41746,8326,True
v2-t03-token,True,T03,token-link,failed,124,124,1217762,650115,231250,True
v2-t04-chunk,True,T04,chunk-word,failed,75,75,850185,1074774,438315,True
v2-t04-predictive,True,T04,predictive-word,failed,6,6,103852,45409,4612,True
v2-t04-prefix,True,T04,prefix-link,failed,2,2,72514,16946,3397,True
v2-t04-token,True,T04,token-link,failed,88,88,928108,629205,264342,True
v2-t05-chunk,True,T05,chunk-word,failed,17,17,204196,184672,72751,True
v2-t05-predictive,True,T05,predictive-word,failed,22,22,258568,180311,18411,True
v2-t05-prefix,True,T05,prefix-link,failed,2,2,62740,8480,768,True
v2-t05-token,True,T05,token-link,failed,44,44,435456,219338,70140,True
v2-t06-chunk,True,T06,chunk-word,failed,4,4,76117,23434,6327,True
v2-t06-predictive,True,T06,predictive-word,failed,28,28,292285,229172,25161,True
v2-t06-prefix,True,T06,prefix-link,failed,3,3,77704,18335,3288,True
v2-t06-token,True,T06,token-link,failed,38,38,446001,206661,69563,True
v2-t07-chunk,True,T07,chunk-word,failed,4,4,133692,34756,11928,True
v2-t07-predictive,True,T07,predictive-word,failed,2,2,87323,8480,768,True
v2-t07-prefix,True,T07,prefix-link,failed,3,3,80973,29322,5861,True
v2-t07-token,True,T07,token-link,failed,7,7,119709,40828,13579,True
v2-t08-chunk,True,T08,chunk-word,failed,3,3,81389,22079,6437,True
v2-t08-predictive,True,T08,predictive-word,failed,15,15,171783,119525,12974,True
v2-t08-prefix,True,T08,prefix-link,failed,2,2,72194,16991,3397,True
v2-t08-token,True,T08,token-link,failed,26,26,290462,130422,42565,True
v2-t09-chunk,True,T09,chunk-word,completed,80,80,756077,646490,209358,True
v2-t09-predictive,True,T09,predictive-word,failed,3,3,74497,22316,2699,True
v2-t09-prefix,True,T09,prefix-link,failed,2,2,73811,16956,3397,True
v2-t09-token,True,T09,token-link,failed,129,129,1211431,479229,166699,False
v2-t10-predictive,True,T10,predictive-word,failed,15,15,172980,133915,14663,True
v2-t10-prefix,True,T10,prefix-link,failed,2,2,82217,16974,3397,True
v2-t10-token,True,T10,token-link,infrastructure_interruption,3,3,,15551,5019,False
